"country","year","sales"
"ARGENTINA",2019,333183
"AUSTRALIA",2019,799263
"AUSTRIA",2019,320381
"BELGIUM",2019,550008
"BRAZIL",2019,2262073
"BULGARIA",2019,35371
"CANADA",2019,496846
"CHILE",2019,260683
"CHINA",2019,21472091
"COLOMBIA",2019,220564
"CROATIA",2019,62977
"CZECH REPUBLIC",2019,249915
"DENMARK",2019,225410
"ECUADOR",2019,97572
"EGYPT",2019,127443
"FINLAND",2019,114188
"FRANCE",2019,2214280
"GERMANY",2019,3607258
"GREECE",2019,114226
"HUNGARY",2019,157906
"INDIA",2019,2962115
"INDONESIA",2019,785539
"IRELAND",2019,117109
"ISRAEL",2019,239671
"ITALY",2019,1916949
"JAPAN",2019,4301091
"KAZAKHSTAN*",2019,65882
"KUWAIT",2019,98454
"MALAYSIA",2019,550182
"MEXICO",2019,763793
"MOROCCO",2019,148354
"NETHERLANDS",2019,446056
"NEW ZEALAND",2019,103610
"NORWAY",2019,142381
"PAKISTAN",2019,162689
"PERU",2019,115241
"PHILIPPINES",2019,258555
"POLAND",2019,555598
"PORTUGAL",2019,221799
"PUERTO RICO",2019,82605
"ROMANIA",2019,159696
"RUSSIA",2019,1567743
"SAUDI ARABIA",2019,460373
"SLOVAKIA",2019,101568
"SOUTH AFRICA",2019,355378
"SOUTH KOREA",2019,1497035
"SPAIN",2019,1258251
"SWEDEN",2019,356036
"SWITZERLAND",2019,310050
"TAIWAN",2019,379999
"THAILAND",2019,468638
"TURKEY",2019,387256
"UKRAINE",2019,88437
"UNITED ARAB EMIRATES",2019,198520
"UNITED KINGDOM",2019,2311140
"UNITED STATES OF AMERICA",2019,4719710
"UZBEKISTAN",2019,147827
"VIETNAM",2019,233782
"ARGENTINA",2020,232112
"AUSTRALIA",2020,676804
"AUSTRIA",2020,257721
"BELGIUM",2020,431491
"BRAZIL",2020,1615942
"BULGARIA",2020,22368
"CANADA",2020,318750
"CHILE",2020,194128
"CHINA",2020,20177731
"COLOMBIA",2020,151730
"CROATIA",2020,36013
"CZECH REPUBLIC",2020,202971
"DENMARK",2020,198162
"ECUADOR",2020,61746
"EGYPT",2020,167792
"FINLAND",2020,96430
"FRANCE",2020,1650118
"GERMANY",2020,2917678
"GREECE",2020,80977
"HUNGARY",2020,128031
"INDIA",2020,2433473
"INDONESIA",2020,388925
"IRELAND",2020,88324
"ISRAEL",2020,202455
"ITALY",2020,1381753
"JAPAN",2020,3809981
"KAZAKHSTAN*",2020,82993
"KUWAIT",2020,72648
"MALAYSIA",2020,480965
"MEXICO",2020,532433
"MOROCCO",2020,117046
"NETHERLANDS",2020,355598
"NEW ZEALAND",2020,80433
"NORWAY",2020,141412
"PAKISTAN",2020,104387
"PERU",2020,81496
"PHILIPPINES",2020,153833
"POLAND",2020,428347
"PORTUGAL",2020,142414
"PUERTO RICO",2020,84033
"ROMANIA",2020,125004
"RUSSIA",2020,1433956
"SAUDI ARABIA",2020,387709
"SLOVAKIA",2020,76305
"SOUTH AFRICA",2020,246541
"SOUTH KOREA",2020,1618333
"SPAIN",2020,851222
"SWEDEN",2020,292024
"SWITZERLAND",2020,236828
"TAIWAN",2020,408628
"THAILAND",2020,343494
"TURKEY",2020,610109
"UKRAINE",2020,85450
"UNITED ARAB EMIRATES",2020,129901
"UNITED KINGDOM",2020,1631064
"UNITED STATES OF AMERICA",2020,3401838
"UZBEKISTAN",2020,146250
"VIETNAM",2020,217193
"ARGENTINA",2021,240671
"AUSTRALIA",2021,753256
"AUSTRIA",2021,239803
"BELGIUM",2021,383123
"BRAZIL",2021,1558467
"BULGARIA",2021,24537
"CANADA",2021,320605
"CHILE",2021,304045
"CHINA",2021,21518324
"COLOMBIA",2021,200914
"CROATIA",2021,44929
"CZECH REPUBLIC",2021,206876
"DENMARK",2021,185324
"ECUADOR",2021,86740
"EGYPT",2021,215072
"FINLAND",2021,98481
"FRANCE",2021,1659005
"GERMANY",2021,2622132
"GREECE",2021,100916
"HUNGARY",2021,121920
"INDIA",2021,3082279
"INDONESIA",2021,659809
"IRELAND",2021,104669
"ISRAEL",2021,280042
"ITALY",2021,1458030
"JAPAN",2021,3675698
"KAZAKHSTAN*",2021,106304
"KUWAIT",2021,83460
"MALAYSIA",2021,452663
"MEXICO",2021,520112
"MOROCCO",2021,154284
"NETHERLANDS",2021,322323
"NEW ZEALAND",2021,112008
"NORWAY",2021,176276
"PAKISTAN",2021,198921
"PERU",2021,111436
"PHILIPPINES",2021,180642
"POLAND",2021,446647
"PORTUGAL",2021,146637
"PUERTO RICO",2021,85486
"ROMANIA",2021,119817
"RUSSIA",2021,1483444
"SAUDI ARABIA",2021,475837
"SLOVAKIA",2021,75700
"SOUTH AFRICA",2021,304340
"SOUTH KOREA",2021,1468873
"SPAIN",2021,859480
"SWEDEN",2021,301006
"SWITZERLAND",2021,238481
"TAIWAN",2021,382000
"THAILAND",2021,312200
"TURKEY",2021,561853
"UKRAINE",2021,103262
"UNITED ARAB EMIRATES",2021,156780
"UNITED KINGDOM",2021,1647181
"UNITED STATES OF AMERICA",2021,3350050
"UZBEKISTAN",2021,138377
"VIETNAM",2021,207693
"ARGENTINA",2022,260822
"AUSTRALIA",2022,777688
"AUSTRIA",2022,215050
"BELGIUM",2022,366333
"BRAZIL",2022,1576662
"BULGARIA",2022,28684
"CANADA",2022,258483
"CHILE",2022,313589
"CHINA",2022,23563287
"COLOMBIA",2022,208160
"CROATIA",2022,42955
"CZECH REPUBLIC",2022,192087
"DENMARK",2022,148293
"ECUADOR",2022,100069
"EGYPT",2022,133857
"FINLAND",2022,81674
"FRANCE",2022,1529035
"GERMANY",2022,2651357
"GREECE",2022,105283
"HUNGARY",2022,111524
"INDIA",2022,3792444
"INDONESIA",2022,783563
"IRELAND",2022,105398
"ISRAEL",2022,257743
"ITALY",2022,1316919
"JAPAN",2022,3448297
"KAZAKHSTAN*",2022,97169
"KUWAIT",2022,93465
"MALAYSIA",2022,641773
"MEXICO",2022,486962
"MOROCCO",2022,143265
"NETHERLANDS",2022,312497
"NEW ZEALAND",2022,116122
"NORWAY",2022,174329
"PAKISTAN",2022,188318
"PERU",2022,118915
"PHILIPPINES",2022,226403
"POLAND",2022,419749
"PORTUGAL",2022,157076
"PUERTO RICO",2022,90911
"ROMANIA",2022,129328
"RUSSIA",2022,629923
"SAUDI ARABIA",2022,519485
"SLOVAKIA",2022,78841
"SOUTH AFRICA",2022,363390
"SOUTH KOREA",2022,1420486
"SPAIN",2022,813376
"SWEDEN",2022,288087
"SWITZERLAND",2022,225934
"TAIWAN",2022,375841
"THAILAND",2022,343349
"TURKEY",2022,592660
"UKRAINE",2022,37891
"UNITED ARAB EMIRATES",2022,171414
"UNITED KINGDOM",2022,1614063
"UNITED STATES OF AMERICA",2022,2858575
"UZBEKISTAN",2022,153750
"VIETNAM",2022,283352
"ARGENTINA",2023,266541
"AUSTRALIA",2023,890823
"AUSTRIA",2023,239150
"BELGIUM",2023,476674
"BRAZIL",2023,1721400
"BULGARIA",2023,37724
"CANADA",2023,255642
"CHILE",2023,218642
"CHINA",2023,26062824
"COLOMBIA",2023,144633
"CROATIA",2023,57694
"CZECH REPUBLIC",2023,221419
"DENMARK",2023,172745
"ECUADOR",2023,98018
"EGYPT",2023,69175
"FINLAND",2023,87509
"FRANCE",2023,1774723
"GERMANY",2023,2844609
"GREECE",2023,134484
"HUNGARY",2023,107720
"INDIA",2023,4101600
"INDONESIA",2023,779326
"IRELAND",2023,122400
"ISRAEL",2023,284476
"ITALY",2023,1567151
"JAPAN",2023,3992727
"KAZAKHSTAN*",2023,189174
"KUWAIT",2023,112969
"MALAYSIA",2023,719145
"MEXICO",2023,598215
"MOROCCO",2023,145218
"NETHERLANDS",2023,369631
"NEW ZEALAND",2023,110230
"NORWAY",2023,126953
"PAKISTAN",2023,58562
"PERU",2023,116724
"PHILIPPINES",2023,282507
"POLAND",2023,475032
"PORTUGAL",2023,199623
"PUERTO RICO",2023,96319
"ROMANIA",2023,143080
"RUSSIA",2023,1049968
"SAUDI ARABIA",2023,645723
"SLOVAKIA",2023,88003
"SOUTH AFRICA",2023,347377
"SOUTH KOREA",2023,1489363
"SPAIN",2023,949362
"SWEDEN",2023,289820
"SWITZERLAND",2023,252214
"TAIWAN",2023,372800
"THAILAND",2023,406992
"TURKEY",2023,967341
"UKRAINE",2023,60862
"UNITED ARAB EMIRATES",2023,225386
"UNITED KINGDOM",2023,1903054
"UNITED STATES OF AMERICA",2023,3116647
"UZBEKISTAN",2023,146456
"VIETNAM",2023,290071
"ARGENTINA",2024,274958
"AUSTRALIA",2024,898950
"AUSTRIA",2024,253789
"BELGIUM",2024,448277
"BRAZIL",2024,1948681
"BULGARIA",2024,42941
"CANADA",2024,254195
"CHILE",2024,209154
"CHINA",2024,27562989
"COLOMBIA",2024,164897
"CROATIA",2024,65020
"CZECH REPUBLIC",2024,231597
"DENMARK",2024,173114
"ECUADOR",2024,75986
"EGYPT",2024,81475
"FINLAND",2024,74064
"FRANCE",2024,1718412
"GERMANY",2024,2817331
"GREECE",2024,137075
"HUNGARY",2024,121611
"INDIA",2024,4274793
"INDONESIA",2024,672986
"IRELAND",2024,121196
"ISRAEL",2024,284825
"ITALY",2024,1559229
"JAPAN",2024,3725200
"KAZAKHSTAN*",2024,188149
"KUWAIT",2024,110813
"MALAYSIA",2024,747180
"MEXICO",2024,635900
"MOROCCO",2024,157087
"NETHERLANDS",2024,381227
"NEW ZEALAND",2024,87514
"NORWAY",2024,128687
"PAKISTAN",2024,97417
"PERU",2024,106411
"PHILIPPINES",2024,351565
"POLAND",2024,551568
"PORTUGAL",2024,209715
"PUERTO RICO",2024,100817
"ROMANIA",2024,151105
"RUSSIA",2024,1550249
"SAUDI ARABIA",2024,705527
"SLOVAKIA",2024,93409
"SOUTH AFRICA",2024,351556
"SOUTH KOREA",2024,1439773
"SPAIN",2024,1016885
"SWEDEN",2024,269582
"SWITZERLAND",2024,239535
"TAIWAN",2024,376470
"THAILAND",2024,340056
"TURKEY",2024,980341
"UKRAINE",2024,69599
"UNITED ARAB EMIRATES",2024,268876
"UNITED KINGDOM",2024,1952778
"UNITED STATES OF AMERICA",2024,2984039
"UZBEKISTAN",2024,166058
"VIETNAM",2024,291797
