country,year,sales
Argentina,2019,333183
Australia,2019,799263
Austria,2019,320381
Belgium,2019,550008
Brazil,2019,2262073
Bulgaria,2019,35371
Canada,2019,496846
Chile,2019,260683
China,2019,21472091
Colombia,2019,220564
Croatia,2019,62977
Czech Republic,2019,249915
Denmark,2019,225410
Ecuador,2019,97572
Egypt,2019,127443
Finland,2019,114188
France,2019,2214280
Germany,2019,3607258
Greece,2019,114226
Hungary,2019,157906
India,2019,2962115
Indonesia,2019,785539
Ireland,2019,117109
Israel,2019,239671
Italy,2019,1916949
Japan,2019,4301091
Kazakhstan*,2019,65882
Kuwait,2019,98454
Malaysia,2019,550182
Mexico,2019,763793
Morocco,2019,148354
Netherlands,2019,446056
New Zealand,2019,103610
Norway,2019,142381
Pakistan,2019,162689
Peru,2019,115241
Philippines,2019,258555
Poland,2019,555598
Portugal,2019,221799
Puerto Rico,2019,82605
Romania,2019,159696
Russia,2019,1567743
Saudi Arabia,2019,460373
Slovakia,2019,101568
South Africa,2019,355378
South Korea,2019,1497035
Spain,2019,1258251
Sweden,2019,356036
Switzerland,2019,310050
Taiwan,2019,379999
Thailand,2019,468638
Turkey,2019,387256
Ukraine,2019,88437
United Arab Emirates,2019,198520
United Kingdom,2019,2311140
United States Of America,2019,4719710
Uzbekistan,2019,147827
Vietnam,2019,233782
Argentina,2020,232112
Australia,2020,676804
Austria,2020,257721
Belgium,2020,431491
Brazil,2020,1615942
Bulgaria,2020,22368
Canada,2020,318750
Chile,2020,194128
China,2020,20177731
Colombia,2020,151730
Croatia,2020,36013
Czech Republic,2020,202971
Denmark,2020,198162
Ecuador,2020,61746
Egypt,2020,167792
Finland,2020,96430
France,2020,1650118
Germany,2020,2917678
Greece,2020,80977
Hungary,2020,128031
India,2020,2433473
Indonesia,2020,388925
Ireland,2020,88324
Israel,2020,202455
Italy,2020,1381753
Japan,2020,3809981
Kazakhstan*,2020,82993
Kuwait,2020,72648
Malaysia,2020,480965
Mexico,2020,532433
Morocco,2020,117046
Netherlands,2020,355598
New Zealand,2020,80433
Norway,2020,141412
Pakistan,2020,104387
Peru,2020,81496
Philippines,2020,153833
Poland,2020,428347
Portugal,2020,142414
Puerto Rico,2020,84033
Romania,2020,125004
Russia,2020,1433956
Saudi Arabia,2020,387709
Slovakia,2020,76305
South Africa,2020,246541
South Korea,2020,1618333
Spain,2020,851222
Sweden,2020,292024
Switzerland,2020,236828
Taiwan,2020,408628
Thailand,2020,343494
Turkey,2020,610109
Ukraine,2020,85450
United Arab Emirates,2020,129901
United Kingdom,2020,1631064
United States Of America,2020,3401838
Uzbekistan,2020,146250
Vietnam,2020,217193
Argentina,2021,240671
Australia,2021,753256
Austria,2021,239803
Belgium,2021,383123
Brazil,2021,1558467
Bulgaria,2021,24537
Canada,2021,320605
Chile,2021,304045
China,2021,21518324
Colombia,2021,200914
Croatia,2021,44929
Czech Republic,2021,206876
Denmark,2021,185324
Ecuador,2021,86740
Egypt,2021,215072
Finland,2021,98481
France,2021,1659005
Germany,2021,2622132
Greece,2021,100916
Hungary,2021,121920
India,2021,3082279
Indonesia,2021,659809
Ireland,2021,104669
Israel,2021,280042
Italy,2021,1458030
Japan,2021,3675698
Kazakhstan*,2021,106304
Kuwait,2021,83460
Malaysia,2021,452663
Mexico,2021,520112
Morocco,2021,154284
Netherlands,2021,322323
New Zealand,2021,112008
Norway,2021,176276
Pakistan,2021,198921
Peru,2021,111436
Philippines,2021,180642
Poland,2021,446647
Portugal,2021,146637
Puerto Rico,2021,85486
Romania,2021,119817
Russia,2021,1483444
Saudi Arabia,2021,475837
Slovakia,2021,75700
South Africa,2021,304340
South Korea,2021,1468873
Spain,2021,859480
Sweden,2021,301006
Switzerland,2021,238481
Taiwan,2021,382000
Thailand,2021,312200
Turkey,2021,561853
Ukraine,2021,103262
United Arab Emirates,2021,156780
United Kingdom,2021,1647181
United States Of America,2021,3350050
Uzbekistan,2021,138377
Vietnam,2021,207693
Argentina,2022,260822
Australia,2022,777688
Austria,2022,215050
Belgium,2022,366333
Brazil,2022,1576662
Bulgaria,2022,28684
Canada,2022,258483
Chile,2022,313589
China,2022,23563287
Colombia,2022,208160
Croatia,2022,42955
Czech Republic,2022,192087
Denmark,2022,148293
Ecuador,2022,100069
Egypt,2022,133857
Finland,2022,81674
France,2022,1529035
Germany,2022,2651357
Greece,2022,105283
Hungary,2022,111524
India,2022,3792444
Indonesia,2022,783563
Ireland,2022,105398
Israel,2022,257743
Italy,2022,1316919
Japan,2022,3448297
Kazakhstan*,2022,97169
Kuwait,2022,93465
Malaysia,2022,641773
Mexico,2022,486962
Morocco,2022,143265
Netherlands,2022,312497
New Zealand,2022,116122
Norway,2022,174329
Pakistan,2022,188318
Peru,2022,118915
Philippines,2022,226403
Poland,2022,419749
Portugal,2022,157076
Puerto Rico,2022,90911
Romania,2022,129328
Russia,2022,629923
Saudi Arabia,2022,519485
Slovakia,2022,78841
South Africa,2022,363390
South Korea,2022,1420486
Spain,2022,813376
Sweden,2022,288087
Switzerland,2022,225934
Taiwan,2022,375841
Thailand,2022,343349
Turkey,2022,592660
Ukraine,2022,37891
United Arab Emirates,2022,171414
United Kingdom,2022,1614063
United States Of America,2022,2858575
Uzbekistan,2022,153750
Vietnam,2022,283352
Argentina,2023,266541
Australia,2023,890823
Austria,2023,239150
Belgium,2023,476674
Brazil,2023,1721400
Bulgaria,2023,37724
Canada,2023,255642
Chile,2023,218642
China,2023,26062824
Colombia,2023,144633
Croatia,2023,57694
Czech Republic,2023,221419
Denmark,2023,172745
Ecuador,2023,98018
Egypt,2023,69175
Finland,2023,87509
France,2023,1774723
Germany,2023,2844609
Greece,2023,134484
Hungary,2023,107720
India,2023,4101600
Indonesia,2023,779326
Ireland,2023,122400
Israel,2023,284476
Italy,2023,1567151
Japan,2023,3992727
Kazakhstan*,2023,189174
Kuwait,2023,112969
Malaysia,2023,719145
Mexico,2023,598215
Morocco,2023,145218
Netherlands,2023,369631
New Zealand,2023,110230
Norway,2023,126953
Pakistan,2023,58562
Peru,2023,116724
Philippines,2023,282507
Poland,2023,475032
Portugal,2023,199623
Puerto Rico,2023,96319
Romania,2023,143080
Russia,2023,1049968
Saudi Arabia,2023,645723
Slovakia,2023,88003
South Africa,2023,347377
South Korea,2023,1489363
Spain,2023,949362
Sweden,2023,289820
Switzerland,2023,252214
Taiwan,2023,372800
Thailand,2023,406992
Turkey,2023,967341
Ukraine,2023,60862
United Arab Emirates,2023,225386
United Kingdom,2023,1903054
United States Of America,2023,3116647
Uzbekistan,2023,146456
Vietnam,2023,290071
Argentina,2024,274958
Australia,2024,898950
Austria,2024,253789
Belgium,2024,448277
Brazil,2024,1948681
Bulgaria,2024,42941
Canada,2024,254195
Chile,2024,209154
China,2024,27562989
Colombia,2024,164897
Croatia,2024,65020
Czech Republic,2024,231597
Denmark,2024,173114
Ecuador,2024,75986
Egypt,2024,81475
Finland,2024,74064
France,2024,1718412
Germany,2024,2817331
Greece,2024,137075
Hungary,2024,121611
India,2024,4274793
Indonesia,2024,672986
Ireland,2024,121196
Israel,2024,284825
Italy,2024,1559229
Japan,2024,3725200
Kazakhstan*,2024,188149
Kuwait,2024,110813
Malaysia,2024,747180
Mexico,2024,635900
Morocco,2024,157087
Netherlands,2024,381227
New Zealand,2024,87514
Norway,2024,128687
Pakistan,2024,97417
Peru,2024,106411
Philippines,2024,351565
Poland,2024,551568
Portugal,2024,209715
Puerto Rico,2024,100817
Romania,2024,151105
Russia,2024,1550249
Saudi Arabia,2024,705527
Slovakia,2024,93409
South Africa,2024,351556
South Korea,2024,1439773
Spain,2024,1016885
Sweden,2024,269582
Switzerland,2024,239535
Taiwan,2024,376470
Thailand,2024,340056
Turkey,2024,980341
Ukraine,2024,69599
United Arab Emirates,2024,268876
United Kingdom,2024,1952778
United States Of America,2024,2984039
Uzbekistan,2024,166058
Vietnam,2024,291797
