{"chunk_definitions":[{"row":99,"row_count":1,"visible":true,"expansion_state":0,"options":{"engine":"r","label":"unnamed-chunk-69","dev":"png"},"document_id":"45CD0953","chunk_id":"ccagjz55lmszf","chunk_label":"unnamed-chunk-2"},{"row":144,"row_count":1,"visible":true,"expansion_state":0,"options":{"engine":"r","label":"unnamed-chunk-81","dev":"png"},"document_id":"45CD0953","chunk_id":"cb942za69p8hl","chunk_label":"unnamed-chunk-4"}],"doc_write_time":1758586379,"working_dir":null,"default_chunk_options":{"warning":false,"message":false,"fig.path":"figs/","fig.width":7.252,"fig.height":4.0,"fig.retina":3.0,"comment":"#>"}}